RMS_H,Kurtosis_H,Skewness_H,CrestFactor_H,FFT_peak_H,FFT_bin_1_H,FFT_bin_2_H,FFT_bin_3_H,FFT_bin_4_H,FFT_bin_5_H,BandPower_Low_H,BandPower_Mid_H,BandPower_High_H,RMS_V,Kurtosis_V,Skewness_V,CrestFactor_V,FFT_peak_V,FFT_bin_1_V,FFT_bin_2_V,FFT_bin_3_V,FFT_bin_4_V,FFT_bin_5_V,BandPower_Low_V,BandPower_Mid_V,BandPower_High_V,RUL
0.5638898794564087,0.07135220765689265,-0.0017971758777234092,4.486484820659317,5040.107312113969,76.83679277182472,26.45825800037541,23.044523077575118,82.02392366667657,77.19572492223375,0.00012594253004976594,0.0011821722492455595,0.0017476141268772767,0.5604705115751822,-0.02466551115223581,-0.07514779465007464,4.405849828799533,4764.63272846347,121.89110581767987,85.69190291656376,91.77577155973117,129.84908806372957,182.1544920450025,0.0007835438836355777,0.0010454108472006231,0.0009049600661319697,122
0.6541204761524503,1.7992674993386206,-0.018680218641247637,10.276226196472336,4718.816676566263,61.4832338591601,29.479975925245004,23.216871587656602,79.70631490315395,91.03391863095676,0.0001298588026147591,0.0009961279322271664,0.003015613068727307,0.5911269143120327,0.24975307735220031,-0.04567094659246253,7.758677075434526,5010.665266881729,97.12543690737837,88.95287088835377,83.81431883223766,125.40636638366642,172.53620694328907,0.0007186653901455136,0.000971519411466826,0.0014151003455238223,121
3.21381423023665,1.7200182229786707,-0.2537530009172567,6.449769688483694,38198.80824763538,65.30297434549475,48.269820108560054,91.86115089126366,101.35403272469867,327.0411136192912,0.02144345116547925,0.04361044941033288,0.025336627417868556,2.305947999839374,-0.18959410875266158,0.00478330146453255,4.328594150462955,28165.81151119106,96.04605792740013,93.91641728251801,91.62239914237838,135.1019719523251,440.8337582984693,0.015578926643357562,0.021757845377633287,0.008374801530713148,120
3.3729125035643874,1.8072951194351123,-0.21099475346928592,7.668710222469986,36822.73090594231,51.93976066871382,42.10104128972596,170.27172462588453,67.02835248593118,206.85800520342946,0.02259144138113139,0.04623996525364999,0.03174983278114006,2.3775632377155804,-0.08098409568982756,-0.0020568726767028443,4.8273790115476585,26688.015921306673,85.81840820760253,89.89833531052702,105.83920247280261,127.119004743425,338.61582738284073,0.016572923079870593,0.02254566232679148,0.00977743070918156,119
3.3949350067494692,1.7765879656232606,-0.2295584895189618,6.420903799122337,35281.63211524431,56.98247393173447,40.8248595684402,135.44225943423507,65.8713956810228,279.3955694785307,0.023101494580217194,0.04631953754127449,0.03190293435008907,2.3871105320992663,-0.15920613633557767,0.013954047747493838,4.190364573666524,25665.518612008298,85.74325478498142,100.00437308787515,101.12450744992513,123.14825370859509,429.33336325643637,0.016905062248081033,0.022557214669333612,0.009480455578043197,118
3.3744616382639196,1.53569642511758,-0.23144923787526225,6.620929888206815,29941.499937934743,55.8518287459087,41.5299126600738,107.39118077023642,83.45590648269518,339.41243026744536,0.023986005515011143,0.04704264130682414,0.029380671621532958,2.4011703009012573,-0.10949930005871744,0.01675059850867777,4.520099624906512,21820.844808929847,110.70900143258322,93.86280765952075,96.22365908338524,121.62738170216211,500.72100947922553,0.017129954898206356,0.023284852300901757,0.009171439976753605,117
3.422102159481861,1.4678711161440576,-0.22796170225026918,6.180876362408945,28150.39125200377,91.60266859979552,66.78658621599237,182.63083802751646,81.19897969061546,231.07576421171336,0.024439414319063837,0.04646091092806426,0.03168527544452918,2.4011804972092206,-0.15057185192757405,0.013489322678945228,4.362692308588153,20597.92571224486,113.57309727763811,93.9485850075481,112.37981353289402,117.0507309525726,375.0876242779174,0.017519101881294748,0.02253198315068158,0.009483131346272246,116
3.4448546244651945,1.639951044217864,-0.20916689463824814,6.05724673840581,34965.22114436776,73.66030326946745,49.482750975462,152.0578271470156,74.18854360144938,249.28088490270656,0.025313189907913602,0.04733121324128154,0.03171998576448095,2.419814524817654,-0.13236798206010514,0.010999153677597266,4.209114937341377,25469.858326190293,96.08245391739356,102.29299654975195,105.62269395177353,134.16760844833627,439.4341450061334,0.018016258290849598,0.02312025435167118,0.00929635109494516,115
3.4095816524267235,1.6379932004184043,-0.2465967528193122,5.635745987745246,29481.012789521767,54.916712475175345,44.312642254502926,161.78220328405095,77.33828087394578,219.58506403579372,0.025790135593992444,0.04703880693788399,0.028783471350400405,2.4311895057637165,-0.12975396305830378,0.039573280426841766,4.048362398115126,21432.09241587756,108.38072722175438,109.8969792063451,122.6952630920785,144.13859753793506,413.3197959946159,0.018745108683481854,0.02296475598119619,0.008877231138851267,114
3.404374480430666,1.722460955140626,-0.22871084893772,7.129885278899084,35460.07113291991,53.41234485878122,42.87803794228921,177.09774343090496,70.40743125272868,200.4495872915951,0.02608009041500144,0.044511414171295824,0.03070279932104472,2.3936745067093135,-0.20124947681098204,0.015056747234281609,4.183405648686298,26939.333959532487,78.45186235200826,94.43787131158425,118.50064995476872,129.3015307503443,342.9140997712893,0.017754018124893252,0.022637914127794177,0.009539809494293738,113
3.4663300178345575,1.6694108258693738,-0.22010386901985554,6.0885042190930205,31362.17341316856,67.11333916262589,49.934080926591506,155.4959749644484,84.42165874138645,260.82328438396706,0.026596082048241515,0.044663740337279295,0.03420488745765386,2.4058879887508344,-0.1947877936571234,0.03234149962968268,4.200692934319534,23597.334986254948,117.26796206773749,107.04346238737772,108.06780502978998,130.30034715079196,448.05155107413356,0.01856516036638246,0.022241312433432133,0.009587715877749939,112
3.4869983856745383,1.6610138683313744,-0.19474099445199772,5.476262604271975,27096.77500528431,73.44426559839711,48.40828111214985,188.69648826181873,75.01990931674138,275.8565907382709,0.027285055671009664,0.04639956548816908,0.03182952796529597,2.4444660446857984,-0.17901212806819533,0.021212192190538857,4.5470941324901935,20046.23707237261,89.77317917315014,92.34099148790126,111.10845527540675,137.56404522355393,420.3927913564891,0.019365096130815544,0.022802762349091614,0.009620737601590691,111
0.6618160424764787,0.6885873969943561,0.0051269858087872894,6.5738961220719565,5221.227467291742,61.9549195506127,31.337922684617457,23.53901390933593,82.5041840432758,86.22398957617392,0.0001324747949488464,0.001062924435804811,0.0030573326297807513,0.61707975521595,0.16679931110611923,-0.020900123031084995,5.556540604833391,5378.903714510643,101.31830437307678,95.91082023598533,80.73432492143705,107.27895971212703,171.14983268351097,0.000835221875404604,0.001035214659127496,0.001529837956298343,110
3.447234689968803,1.6580624595777662,-0.18731525021751366,6.033529765519089,35045.51853646244,72.86378136487615,56.53248884773747,181.66800257441616,70.9525345106349,208.37015914884148,0.02768639842273804,0.04552430338439287,0.030465712860307567,2.435045636173392,-0.13251228938385173,0.028723901583678452,4.120677036723122,25463.761628764885,110.7232460552683,100.06582039358258,102.03221600625531,146.90723700052848,396.6057956342054,0.02002875671174314,0.02180369154020982,0.009489624014208947,109
3.527316703036912,1.8474399537289488,-0.22177843535878583,5.942230333130138,32585.417494494995,59.21066468241913,39.68045075531422,174.31364475520346,92.42210136140147,254.26513719328167,0.028577224511274577,0.04579603889937773,0.03491426364024634,2.481048570868257,-0.11349960621832889,0.020840543623941468,4.074470686923116,23815.415190500775,93.89334276146734,85.23576162027908,105.71244180479775,131.29590735202052,380.21854693531344,0.02084038721659076,0.02189190478095413,0.010327413499298279,108
3.534628134846482,1.7372678251555858,-0.2169136110489292,6.0455114047529745,28916.209020169637,87.27615361262625,61.22166760520631,187.83252041376088,85.21735074204162,219.6798336230404,0.02920376574947269,0.04616739260837348,0.03447966315848547,2.4921851769891243,-0.13356012316646115,0.027164873224820793,5.1274314529932115,21302.811182774643,112.32318005268247,107.19317660320117,115.76675569248997,141.0417224815975,397.8339220000547,0.021037359416714238,0.022267008755467194,0.010224246790415498,107
3.453929799402786,1.8604623656992363,-0.22622342173493842,6.094279453237126,32792.439361721845,74.89696404976205,46.329744003373456,144.00398087889675,70.44161655771009,338.2729992186794,0.029417951003231683,0.04579596444448897,0.028622698760334138,2.4806911455440854,-0.16549491411544093,0.014785744368946932,4.144862252322633,24136.193360723748,112.51066389987896,98.76394298055732,109.5910240176449,134.2305200920211,533.4297953804557,0.021409346778291895,0.02221897444132219,0.009068252758894082,106
3.6148246195101623,1.7925566058295859,-0.21049372022798082,6.04446803584877,28890.560294395545,69.7200987801405,47.04819387565904,198.3525895314362,88.57223619105478,292.2007180880331,0.030188876227254562,0.04584700504871688,0.03905832686468637,2.5435898581065848,-0.01169228860462157,0.027153248962374518,5.161315090512271,20839.096861888527,99.03615898538109,89.51827053923478,107.80434308548101,130.81119978889933,449.0898502801992,0.02250229288656446,0.021316161229186753,0.012160654317851403,105
3.588936149267303,1.7945740576215643,-0.2366229287887176,5.724469481861941,28229.030137353406,84.47758618026174,70.35469119402998,215.1131500462236,89.29230834717787,349.90548459771793,0.03087602861186707,0.045817472785177164,0.036363339506335156,2.544087410953445,-0.05634820499626558,0.02460771283024604,4.719410464772364,20934.002515456068,105.10392014587313,78.8445431765339,110.74465881982918,150.05796115816082,537.8365252270893,0.02297098647686347,0.021135681320996528,0.011506292126947627,104
3.6056877813616808,2.0824207310813136,-0.2449905516326519,6.125219994884493,29166.384411060728,63.998859225150845,43.107200878565,178.51665975509542,91.2434622470232,225.59942817598576,0.031057761398278594,0.045540443632670624,0.037514299748161985,2.5470060094940905,-0.051011869112401964,0.0183748325930188,4.2825379890105015,21828.103225392482,111.94321197721872,89.12417524206337,109.20792895117634,133.70661052239677,458.1657783045388,0.02291525462766835,0.02167321851101737,0.011200364410953649,103
3.60758988743198,1.9027080455581098,-0.2445033410858117,5.787023186383362,32630.590894591587,62.43717401466809,43.27234949898113,194.5998279191218,75.71136928401597,268.38372869518486,0.03172559167610825,0.045171030646422354,0.0378077832590616,2.5651912923038185,-0.07012346165383265,0.01688818714642171,6.105862726603174,23898.873649925663,108.54883440520405,95.58108686622447,118.11694155153391,140.7084391570729,454.3159682831893,0.023727580256114853,0.021377305612329017,0.011277044634261053,102
3.5655956999450673,2.2062307748372874,-0.32449189712864696,6.884983348166611,30398.515768631816,51.29198564448356,45.28299348227667,202.0846556766184,100.50514636694275,268.8334846378123,0.0327809211649751,0.04395142027221183,0.034736048921965926,2.528154174521108,-0.221667424346625,0.011296884231462896,4.038039149981355,23535.904482859663,90.95971152445507,89.7263114701246,119.36350588764857,152.55184813902648,419.88894202900156,0.023283835689411843,0.02197527914503658,0.010957455167221429,101
3.6324553866711624,2.1780858740319324,-0.3262609273728257,5.723392789275243,29980.589949563833,76.1802794495398,43.55740750751703,160.16191299732517,102.06584017952744,281.1085701409588,0.033632617235806156,0.04255409111954371,0.039171800379974135,2.5424655578280255,0.07273056761445718,0.022948560374970655,7.758376946015488,21011.630384839984,104.86006369046541,97.42170223291104,106.93573153772208,127.49179941227105,494.5466397694953,0.02432564050723321,0.020629971347360967,0.01247759145543878,100
0.6865612325461461,1.9859276429649881,0.012792319222141293,9.409991738561207,4548.783796285649,67.38526412858191,29.623055375552717,23.87790561325901,80.0023155974197,84.37890855471774,0.00012920115736638317,0.001039765058406258,0.003389816367768036,0.6132249631414132,0.1753391691367816,-0.013122738951930838,5.591314044493244,4782.27452532085,107.2641143835063,86.46093483772339,81.92776777060267,117.01813369003077,171.2778343622349,0.0007944204141147295,0.0009521735340291838,0.0015754473532760542,99
3.8196306663505464,1.818708581294623,-0.2169328398764099,5.466961040312366,31559.666180308166,65.76451355366422,44.097708615625436,208.67284625398827,98.61786887976179,304.45161364916356,0.03998791192824547,0.04676237405359985,0.0409911459687007,2.6068914142133006,-0.16400011833155537,0.04932202818057671,4.121191524744501,22188.18324710968,106.78231089333399,92.41906712943315,124.82428311084303,145.93955430342896,502.83358506968455,0.026192853303420794,0.02089488921522016,0.013579687340036934,98
3.987477897109171,1.7543358901188624,-0.23262926586928134,6.215811597563584,35126.70007034805,82.6549631255701,49.61788774293332,209.19892916407414,122.19026250358755,307.4779401876328,0.04542967724336275,0.05441310950781203,0.038421659775973185,2.7155148989060094,-0.18584917977880355,0.04096104943484711,5.184704242459986,24728.19034375771,143.00452236940643,90.9968411266913,126.26962213102662,150.96573406635017,527.0832754619604,0.03050677747353547,0.021488242484382605,0.013464202631301206,97
4.339479711734307,1.5636540626800652,-0.2787188753046877,5.048635224035203,37644.49039382358,70.5257076615012,41.77061990504276,213.49463466347876,84.46969826765456,548.8992048112106,0.05473748170723795,0.06509354996845933,0.041821323662698424,2.9807353614236947,-0.1479526552455983,0.052289127338969135,4.724222457006368,26148.634011717608,114.38581290541796,98.49134994337196,149.85825859087115,162.24625219735051,802.7688340565335,0.038326525926180514,0.024716715162020807,0.0158192670783335,96
7.268278160413312,1.509066454875291,-0.27462431516666314,4.897692204661421,62888.92506017205,38.964589019222046,40.53706200598388,253.9765186698448,147.62056476423396,540.7220662398006,0.13650233794667394,0.24626887779093315,0.0661894527715932,5.783524140162819,0.4970499926420322,-0.013393570703205852,3.9606051893130054,46282.42487986639,114.53918246190055,133.26744219370522,173.2728770808896,222.28694247991373,870.2875413482735,0.16641417756945776,0.08486752569129043,0.025329558495062278,95
0.6898463519857296,1.1137670750251267,-0.008832597609438263,6.361076580758324,4272.666582282269,64.55610296864047,32.106991124524036,24.940301907447676,80.12526792220932,87.55227749292212,0.0001290361387788181,0.0010102470688777452,0.003503909838407525,0.6173346635050496,0.17790193056512305,-0.008550397568345042,5.2332121673797385,4481.416702236958,87.945940158087,86.2026908856737,87.55888611878498,118.77192081388017,175.9285908053648,0.0008052355881119689,0.0009750951079038741,0.001637355218056365,94
0.7060719409120128,1.5668449940600357,0.0401234889594035,10.750316080065659,4763.501682774458,57.17082144951078,35.50128943420794,26.448085447835926,80.41278111542692,88.70842094697045,0.000145458673769734,0.0010175713277073932,0.0037046539243031705,0.6273192676064232,0.15925525014889574,-6.658883246372762e-05,6.607351523610653,4870.349606475969,92.32902252860205,95.35406382992932,92.06865114979946,108.29173486699169,172.61580962873498,0.0008771789156885751,0.000979654205203489,0.0016656444041218729,93
0.6968364678763832,1.4318510945126643,-0.022077086878555793,9.11937553915263,4811.273534824417,67.10182489263691,32.446065302301605,25.426878828099202,89.30230172784077,96.94839602166026,0.00014857208870590227,0.0010472325975777656,0.003501250840838099,0.6241192719672214,0.1326323723681071,-0.003905594655434677,4.981193822769987,5075.4283723558,88.93538570982493,106.41939257151715,85.08781453641319,123.04286218110965,181.07057081667685,0.0008170947190258834,0.0010147144966327387,0.001630335256893114,92
0.702005653485568,1.6793538539961474,-0.015204194645216468,8.751895173402906,4796.1686407202205,60.40729958611795,32.48009403410449,25.14013244793191,83.27214844824199,84.45310413968902,0.00013797139913396326,0.0010520443516308707,0.0036340542010002324,0.6291521400082533,0.07831288617019583,0.02165811494603167,5.014276384248706,5011.512472067541,91.32752439015913,95.73545196232568,88.92585659544633,112.85124551200053,171.837456833056,0.0008612976840259441,0.0009650715527849203,0.0017109097213183833,91
0.7156852490768253,1.7875545094123177,-0.022772007436116317,8.445878241827772,3435.076921574553,76.19206723899495,30.81853863522083,25.41253971229337,76.91334082759049,84.03046937961938,0.00013737835993388222,0.0010033869568285853,0.003782295429267284,0.6195221388420892,0.19939633282173075,-0.015539438546293326,5.878241496640274,3480.806888889925,110.98152717486559,105.02949148723681,84.34952920893772,113.62292711328767,180.04164339261936,0.0007774298453139518,0.0009271901569011936,0.001692517652533976,90
0.7287577046032443,2.2009268355773752,-0.010400418788433986,9.182036279898254,4537.234414420215,63.31615165626057,30.893077853334688,23.869311323526258,79.90657513584661,100.03935105618976,0.00014857244818065304,0.0009837617394169956,0.004004493585606795,0.62984727544547,0.23542263525864815,0.006989532014073679,5.512779227773633,4760.253299885509,90.23275330601224,104.94140547786763,77.62852247544718,117.89019052247141,174.9421930283617,0.0008351563044359109,0.0009179492219144316,0.0018446861570272333,89
0.7162421020295794,1.7956922178392416,-0.015051132626573493,8.825695698360565,3941.217479249122,53.07317043204842,31.82307949541418,23.584784178941444,80.7325299555894,82.76397732012153,0.00013994772403961992,0.0009757813193148639,0.0038669477850818367,0.6230509768669801,0.14693739247748105,0.03924682834640149,4.9956659498752725,4074.7335319134013,83.6997295485187,96.86701581856997,77.76117663113615,120.83218427778309,175.01433249650796,0.0008242749533340779,0.0008957215629816059,0.0017907358204918462,88
0.5890775374817,0.13794155897761096,-0.01499111692784193,6.150470634048811,5552.312857037673,73.2441068802512,26.316887071007173,21.513431818890272,73.10697162388256,81.73596530000495,0.00012408532980064276,0.0012655619253701042,0.0019645649680256573,0.5668608267366446,-0.035780409124404944,-0.06386375582227241,4.961270321827589,5376.51847723282,124.13862977270227,95.3879618481371,78.36453671505957,135.9710892180371,161.87049262702402,0.0007028504141054814,0.0011211290461768482,0.0010261786168533253,87
0.7114504918926309,1.726175405821687,0.0207336426502012,8.194562712864693,3737.6224561270783,50.32877066994597,30.047712174812638,23.92320705789221,77.80671753198271,99.50381534633087,0.0001474760595387301,0.0009445083534005352,0.003818653766559036,0.6140830408643793,0.18603724837383373,0.005322486904822073,5.185426998946963,3959.327273877419,83.61991156866031,103.85344626771433,75.93979310455923,125.3901966682204,168.47988983456514,0.0007739447917863785,0.0008975623613207118,0.001724179113862526,86
0.7189534940547699,1.7044580983046984,0.0012514656973941318,9.69242505971878,3092.6097575219455,49.26340509970406,29.657203944628087,23.51353352760881,81.51608045357806,89.33705350163513,0.00014314855626390634,0.0009771177210260522,0.003906021966264878,0.6188940125046912,0.1262572349458586,0.029389312106008987,5.355975533758647,3267.28257869473,86.17761829190866,106.81511496280888,74.80170211148723,115.25051193270946,184.3660616807751,0.0007927165874769407,0.0008794138975193833,0.001767027061422132,85
0.7533748924592137,2.0663311661703396,0.006048861333017838,8.062955932233256,4361.297950736018,55.095858810887165,30.51354491013496,25.577876435681443,86.81266554800935,90.85113135214347,0.00014907118595383205,0.0009870994711954789,0.004375500455583097,0.6362372035170653,0.21552023588034164,0.028140739015070023,6.195653879895926,4537.858609023395,83.41232248869683,97.92342000163997,78.50128140383481,121.97290343557894,171.0862965287315,0.0008764179099584955,0.0009177790839784089,0.0018816360278934472,84
0.7196545273788221,3.254202636905873,-0.13142408187320412,15.3347089081729,4522.571960171222,58.65230213593128,29.070476221692115,25.079587334347778,79.50571643263369,98.51524550568311,0.00014530178689743615,0.0009525491676091463,0.003959233689763491,0.6146910820364074,0.1472507028136807,0.0317147540684607,5.678668381550484,4679.472259888596,91.16499051848625,94.49631147248218,78.08536644260693,130.37153564045732,186.69666460987338,0.0007612059762923656,0.000850817701259081,0.0017898731470189476,83
0.7520891088219157,2.347319355464144,0.017605675385035418,9.630446302644524,4415.4789112273165,57.68762167713342,30.76537202003775,23.86595042162518,79.86408067994687,90.68705017720652,0.0001420954763391841,0.0009710516878195042,0.0044238340701475585,0.6198082108848512,0.214117969054195,0.023223416110761706,5.251582394738444,4616.467153027532,101.06664702721174,107.45813823031722,74.6949915795521,123.21739617464605,172.53248385780486,0.0006993325681777585,0.0009003833245774209,0.0018752301233189118,82
0.7467826867481598,2.1725374427896798,-0.0037678350117284413,8.857369357771379,3390.9730526144813,47.68063726214112,28.41954400091025,24.928635260982848,83.29607740873202,88.4199214164748,0.00014467051837632592,0.0009767483902289034,0.004363187091808391,0.6357469073554926,0.22959441985794138,0.02059631785724627,5.214013739653563,3369.595180209707,86.75596868677529,108.33861667818138,77.0077417231855,124.0029168125875,181.59945436483665,0.0008181978893222347,0.0008645410970986664,0.001984394440531442,81
0.7467003192566911,1.5816081727652334,0.01783385386919809,7.707028141787354,4931.828530115412,62.13772435936354,31.486816772342227,27.09076098866854,70.09225489281035,91.13217484893553,0.00013363354504658626,0.001079080577021829,0.004196682795674365,0.6288683419237863,0.1487153448541183,0.031176352372816064,4.901001450213314,4706.337117393235,87.02178045405098,104.58310192424032,85.50840361580785,96.00527299665923,156.61675195036366,0.0007129222894085353,0.0008839752992956205,0.0019428244795556197,80
0.7730946813843341,2.8267267965259917,-0.030640095033877955,9.325789455020523,4593.287375841387,62.22362423429452,32.72014788304957,25.233744491835584,83.81172216639963,94.6885053135757,0.00014861766067924667,0.00105702608912455,0.004657974862011731,0.6414893694194114,0.2245293164464255,0.05044890269330229,6.212551522995782,4593.518124752705,85.629719119049,99.07109415518488,86.91699433082249,125.67821738576068,164.02532825874903,0.0007648786302426301,0.0009143614466560619,0.0020479254503752444,79
0.7816595155955932,2.557665606984303,0.11072822583161808,9.846385962987483,4556.749170866103,54.19911864319609,30.06614742583004,23.890774566534215,75.19700060296616,83.32598202063947,0.00013698434678022274,0.0010378435460670677,0.00477715063339539,0.6441466463024138,0.250661410772242,0.04547460597041123,4.6595224034025335,4469.11830604743,85.10299590031798,98.10422049561373,74.24289506583752,111.87036560478937,160.8608830504409,0.0007731582280995979,0.0008990154982940172,0.002073797715180903,78
0.7440560218602279,1.4682487504915303,-0.016488994036210246,10.514092533549485,3914.2515755262198,56.27956917509293,30.956968137300144,24.227027321979104,84.39350024035602,106.12808522940965,0.00015600538665651775,0.0009731839718262621,0.0042482250262391085,0.6328012861230461,0.10004900064284294,0.0010506731874377522,5.478209569238457,3891.0030225810556,88.4781280188821,110.45157125960151,77.67518513670576,116.8877759792961,187.65887551330815,0.0007752522477550302,0.0008544162921420597,0.001964040576136732,77
0.5895362028089083,0.2462593846189849,0.022942643502637153,5.634562828261444,4548.668720076654,69.28046993530293,30.151535009069427,21.885912620875388,68.45617583158054,80.5954887925402,0.00011679323072789124,0.001187786364371131,0.0020391586388932245,0.5688734167333562,-0.03503009262130563,-0.07671390409959919,4.091318210216839,4597.1626472324415,118.57240660435986,103.00269929290549,78.96293797660371,124.85025714808535,171.6913068835347,0.0007698040359136013,0.0010640483052453654,0.0010393372335283319,76
0.8009004102395234,3.427492681740037,-0.022012637620308157,10.643260098965126,4526.585732470502,50.12928964769951,27.58846809050086,23.05302586369204,86.03021539282844,89.18778488001117,0.00014360012018197843,0.0009780054887965006,0.005185937223400109,0.6452414482108726,0.3142058664755649,0.03913972927327104,5.561554255958823,4364.386828659297,77.46939055860517,97.13933946998966,70.949851965189,122.95491914592478,179.4152498635241,0.0008502936782932967,0.000821252586520272,0.0021243613507584305,75
0.7890329728254031,2.994193937032252,-0.07669960508599602,11.9432745077714,4484.901238024287,58.59149263408196,30.26738410337219,23.19337725422745,86.42799768041617,91.05384209720671,0.0001512150030877956,0.0009728121356017963,0.004928195948528478,0.6447464955797892,0.24095218874497792,0.017453725562439414,4.850638027422682,4463.363688528603,80.98776885457772,109.09975674089897,71.0217050861177,130.80384547818895,171.8663343826082,0.0007901653545940267,0.0008411825879596454,0.002160053788590898,74
0.7886102456941303,2.584340997752385,0.0012275946970806565,9.29289793234487,4487.8505555911715,58.8058505313804,28.180148813371446,21.113342563725414,89.68499098476858,85.91668092269823,0.0001459758693089187,0.0010104335256159586,0.00490033225436232,0.6429968736640953,0.23286673751864173,0.02614282325670662,5.325510873533509,4337.91261030618,82.34038077208314,104.93355054593779,70.02062131770374,132.11406787365397,170.66488415157616,0.0008029553626592295,0.0008177590659306576,0.0021698430693748755,73
0.7755694963669888,1.9251796167005306,-0.014301332220467417,9.065995552405862,4726.55585482744,49.096573381575,27.868798498182958,20.746403705482543,75.54671019709558,93.01831881526306,0.00014295848927917164,0.001021848184556316,0.004662718758736767,0.6393965760263965,0.2824484409163328,0.053551460370609184,7.206290481490748,4644.321049902855,85.88638742710732,101.03296592644602,65.38393647894127,114.14565911904766,161.4527612058792,0.0007344118330142065,0.0008257680939020356,0.002133719292405509,72
0.7570992820078327,1.4694969786360632,0.00039615584369648673,9.229005837324818,3865.6417348505265,48.82616649396623,27.424332312474334,20.285425136083195,79.31244807818935,76.76374054733013,0.00013178144684320353,0.0009627959678003271,0.004486663747331794,0.6341233706730943,0.17787733837817665,0.028432224688999214,4.847339923466592,3811.5076386967744,78.69642791081847,98.049123982681,63.618417921022974,120.20594287986333,184.08505636106904,0.0007347365490345706,0.0007814588103766058,0.002176288253096033,71
0.7994624924502157,2.5886826784785715,0.0316130149758436,8.130276043405804,4647.144577111913,47.559541357397286,27.096233921033377,20.631776996025756,74.26581869889594,84.01726807921878,0.00013779826448675843,0.0009798069868826224,0.005050151410290669,0.6426681636931071,0.3193449916822604,0.072722546758973,5.177393305065601,4517.458862668843,81.80224292059536,95.47128075800097,66.38126475994099,123.93868510143841,167.5131175535604,0.0008129861482086244,0.0007774957225312138,0.0021621066928998872,70
0.8153259501513919,3.576726076029617,-0.09711741079149008,10.36899198001785,4566.666876035184,58.122550954639706,29.87360609577711,22.74352269046028,83.96775610705964,86.9680282704353,0.00014312641873143008,0.0009851393206779925,0.005402427147608107,0.6510271459125365,0.2895730067532374,0.06272671326874807,5.754290940661346,4413.3817668383645,82.19721835918857,106.22290542623601,73.769267947113,129.52083254520505,178.21389448597193,0.0008482257346551888,0.0008178239777636251,0.0022232098523889765,69
0.7604272815242105,1.0822632785721362,-0.0030294779312412807,7.506153413378212,4197.038816265203,49.92920316681647,28.375197329904044,20.45679900870103,78.23921214121664,78.43703740803244,0.00013471174084029035,0.0009684389541048912,0.004471033482773813,0.6295767327694073,0.2644506375302509,0.009969629753120657,5.390935697179589,4147.417827167824,79.79335263609285,105.89855052462819,69.35703422759688,116.59498130726598,175.86089951916045,0.0007489744658196668,0.0007930781480933936,0.002031117500517491,68
0.8205177107562958,3.0117585881073916,-0.005289725229878555,9.227805721388902,3187.6757484393484,49.36983703647306,26.743141388419655,19.753328600538428,85.02090774104266,90.87230853760258,0.00014703180215934234,0.0009332666112499096,0.00543723566027065,0.6414144262693994,0.4886799430596058,0.06060104414060037,6.505625381246002,3173.8239941870274,81.86372910566676,103.90941077823845,63.29064528236526,116.29513686213248,175.60239536369926,0.0007321465405728732,0.0007765162757596179,0.0022448675065097155,67
0.7764580950972099,1.8456968585094282,-0.0027121050643161226,8.81705056955419,4151.478976188828,56.137472000687865,25.175546701047416,20.810299921066786,82.34124806104396,93.65068266339941,0.00015512956104372612,0.0009384665012695207,0.004769227068148334,0.6415084085142595,0.30725384158812385,0.06208251478716927,6.033490513109231,4040.562524038315,81.92701041882754,103.81060400832784,66.03571083017773,123.4892200461126,192.69394854693127,0.0007785174094736655,0.0007652943229299903,0.002159735910033082,66
0.597274133176941,0.24819047905949887,0.013573064512374456,4.80955369323023,5061.392447809714,71.60614473865158,29.250929006492143,23.682998110259664,78.17196200038751,81.72197958397163,0.0001226992506960365,0.001129638458227374,0.0021754354609966184,0.5687879546130624,-0.07639275258209866,-0.02249428288829822,4.73451983135633,5119.040944661585,115.87248030287316,97.70438582751511,88.44597179760648,131.95834907106493,162.62639356678218,0.0007175499033479286,0.0010229564743377687,0.0010901718092834929,65
0.7869962297548256,2.65541176084057,-0.003951197827324483,8.625401444251867,2917.845154730471,52.22488444923056,28.880873616212043,22.22912115715902,78.4952233331192,93.09316592996095,0.00014743577864807398,0.0009186596794296058,0.004922207537034771,0.6266842539427142,0.34301510789076106,0.016380881000100003,7.174080024654724,3147.6288412439444,77.51052402442062,105.624671915419,66.18504287372633,122.44827901402869,170.9013545829299,0.00075906294361082,0.0007029093893891711,0.002093189727957652,64
0.8216622627537014,3.008288710177947,-0.01273809968333212,9.740892315712419,4394.910488525324,45.2452374807714,24.141336703206804,22.808352500530496,91.85971380482756,91.42440256878925,0.00015416531117111592,0.0009153547659295093,0.005575400794508106,0.6462140465735796,0.4738320092185413,0.06117394981712352,6.386357740994122,4320.111990908738,79.97057284977471,94.23020329814788,68.70825012104166,123.47566124809273,172.7030721645271,0.0007446988311476519,0.0007420332812611032,0.0023622932879967494,63
0.7637516905058649,1.8323504196762705,-0.026185071801664277,8.071313402387725,4084.9042405075534,54.63932697649403,25.310251816814574,21.857591858429686,88.99908840415185,77.6538428472682,0.0001433447875602012,0.0009241371878429113,0.004571975055101633,0.6306177957476737,0.21922021842122907,0.044407285298161556,5.729029975147247,3931.227064272838,66.06042629565745,105.55280154333454,67.39650301509482,123.45997976341978,161.6684483295336,0.0007799224157502481,0.0007284996709122195,0.002105213062901469,62
0.7785131675648773,2.595578963960052,0.016675350007870744,9.295763263943842,4139.681355640949,49.08398340945316,27.181813882110923,21.32684382416699,92.30809877674342,85.12090903019376,0.0001483725781606474,0.0009232403950640222,0.00490931545134799,0.640857092222466,0.21174124213479484,0.03974581172091622,4.948400322076777,4109.875733814086,69.25785753339292,96.75757105717895,62.24917482751791,119.02338777066787,180.15964857056267,0.0008905792979472877,0.0007501186598754089,0.002127887517556942,61
0.748672255510707,1.18642972895102,0.05191053732067479,6.829908853111069,4197.821982874223,50.76198359189266,24.322374892247986,21.45337982018663,90.75380105026495,94.30948934445296,0.00015856162755584324,0.0009236912024747766,0.004363856148462564,0.6325902705843304,0.2685770818793056,-0.00672848323059388,4.6608232447316285,4246.061931313953,69.93726700087623,102.27929743757176,67.34452831055408,123.61150756028823,181.29825560620998,0.0008109975946622422,0.0007275113056983935,0.002085050439683956,60
0.81776273627622,2.7971761534928827,0.026409728573204366,8.284942098636694,3878.3552844641795,54.12217438354068,22.875272811093296,22.032365936543865,86.40879395052264,93.24663254629469,0.0001524989116021607,0.0008753870947737515,0.005572336062334557,0.6501899211304808,0.39358292043921805,0.04826377331808188,5.762085547009481,3825.8764045377334,69.60619002871346,95.22433734410241,70.1783262007767,122.79936079177298,187.2042926825328,0.0008575112140604957,0.0007009221660412913,0.0023386485781876102,59
0.7627757625180446,3.1192014539510167,-0.053988259037581254,13.152149952341146,2909.5658102869634,51.414184803773125,25.915273824335113,21.35344653643378,89.48204150571745,93.1253816395689,0.00015351832733968027,0.000915721501007278,0.004628357176568484,0.6282659379981045,0.25612542072913325,0.018045435753485124,5.45263593918119,3154.49348482731,71.29903793075007,103.6610542864723,64.11956240508701,122.85100352761806,181.7138081189638,0.0007996255172542089,0.000730657013983517,0.002085362350490345,58
0.8073034373864145,2.4933233074639176,-0.01229601826986927,8.36147791532306,4232.63991713044,50.853582053901384,24.049038939707607,20.214979433189242,84.56569265765913,82.28356951029413,0.000139743698958245,0.0008656029685576833,0.005371101573692654,0.653436881945176,0.3092186167196984,0.05522229165031896,5.241373459754003,4202.388443543738,69.80718491324497,95.629300344984,64.9393446027289,112.29508237324828,169.1884754402217,0.0008851354448859091,0.0006990225967226327,0.0023518918213142263,57
0.8059648464114214,3.28319128059685,-0.03047215094771165,11.699408223948701,4165.380646117018,47.55425269934615,24.480904754469062,21.822087141063093,77.99809206469813,87.62767380767477,0.00014831239929430584,0.0008764276628328119,0.005377428075927825,0.649205153780086,0.3309262774219306,0.04141061944799538,5.5070875885043815,4135.539981214413,70.34713419293168,103.30393336558167,63.907649659687216,111.53749330422197,190.52199237572546,0.0008799511045180267,0.0007157595478158199,0.002268214941523579,56
0.7479570694025249,1.5114285763596849,0.0009836913931284585,9.242884077000488,3805.7527824159233,41.238412849716475,22.77461352588239,20.49719310075139,77.79464316340278,84.19147902031554,0.0001452463541311935,0.0008877987652984532,0.004350007699959819,0.6357418260388072,0.24137765537007105,0.009266576471386467,5.418012333088064,3754.761008085446,74.65506866437363,100.40829353936404,68.90555469841074,121.30533338962704,185.1048451128103,0.0009040036157120877,0.0006927640799840948,0.0021108704580956477,55
0.6046452147525899,0.39391798913274334,0.03658539927089012,6.841896494580737,4828.973126268965,65.00136863641353,31.48789102918554,23.270256348088132,72.65038910787612,78.30022852601215,0.0001232059303732985,0.0010756314131314135,0.002315359263615333,0.5829561082763537,0.03562625436105549,-0.06731989419223522,4.555773651705233,4985.9876736264905,114.99813676574959,90.35403986305165,77.86670209041506,116.83226156619816,147.0661918421859,0.0007988860390618299,0.001034351484258289,0.0011543194661263027,54
0.7466492987740772,1.5680901433631869,-0.033602969969646915,7.4059589088352835,3901.8314648420305,48.09664010526591,22.99474168654732,19.885284351150954,92.62315503448053,79.2302451091041,0.00014164442025696553,0.0008746720732104277,0.004402421242346683,0.6339768742158455,0.19276653334807214,0.0024505346383032335,4.627256674729405,3900.24344744991,63.57178098354095,97.27325502743554,67.07839276252759,126.62332318615402,181.41136200542394,0.0009047132018675961,0.0006917376690920351,0.002081932736102123,53
0.7851254196198026,2.8288948607749846,0.06982556598661228,8.94476490391148,3318.975456220904,34.09458782990815,21.801407819811185,20.241230282136645,78.95464303296258,90.04900960482324,0.0001375700637758154,0.0008514613031839605,0.00496961077446748,0.6494762638466736,0.36687960122808905,0.02405342376648267,5.139640768967515,3394.359441269265,72.54781049226037,99.26342221082751,72.1003788752776,112.85750908030687,184.3630650069407,0.0009386771926058156,0.0006947660535727695,0.002221810563438083,52
0.7656726633624688,2.199480019597602,0.0025340863106502985,8.489228191475805,3784.9703944992466,46.86170170626104,20.471820190172167,18.843552332023705,82.90212959590124,83.29446455105602,0.00014267963573430842,0.0008518246621868927,0.0046879721694796945,0.6274272442436706,0.18073365317287005,0.021980359903341837,4.64225352198752,3813.8427140236863,71.00078274865085,96.2372128945653,63.40591777524248,107.63163146855972,200.29385186003404,0.0007685526017140865,0.0006972731531186669,0.0021270334583521743,51
0.7872009596527423,2.9693413983726895,-0.03178516950054898,8.593507356543576,4482.210950218362,51.005010012655,26.541697428413674,20.955212316880132,93.56273357091804,79.28197130102191,0.0001441893701523483,0.0009700444054748551,0.004985228965224506,0.6423404154461958,0.25313222343196884,0.05928083756672118,4.792754478184934,4260.286633180996,81.21813302132057,98.18877597561867,70.45908384492033,124.33155522003737,178.88197795686912,0.0007759233232292652,0.0007481840182475746,0.0022358544044513754,50
0.7759536850194347,1.7052002850708803,0.01710856768785053,7.349460917564989,4503.427318242625,50.42706049839365,26.789773079381025,21.391539327725877,80.88340640283624,89.26860076017009,0.00015205260724042712,0.000967853868297314,0.004733311214098039,0.6386487485456176,0.25687074535758825,0.005706207772756672,5.851560856633397,4359.330786828895,85.5238897133882,101.5640000441123,69.39521295563412,126.51749513328052,172.24156703562144,0.0007163795884786231,0.0007865107292892923,0.0021765215276857916,49
0.7656708152605168,1.0349554397719007,0.004493321558636507,6.932649511334979,4540.491091999711,50.05575147698199,25.151387796992687,21.67664000655911,85.87870785898163,94.34389674234228,0.00015095825551276817,0.0009507137050291368,0.0046141247604196255,0.6500378821452379,0.22008397077682051,0.0298780936073736,4.813463941869281,4349.218090578728,85.69478682396765,100.07605259987908,71.64616401258444,124.6822083862135,187.9274305366588,0.0009358671215180316,0.0007621478194088795,0.0021588212946876606,48
0.7712861889037969,1.742337094512739,0.05749672016067121,7.701262020101501,4387.275010175225,48.19324558826001,25.23751139253104,21.429315825632685,82.43031312858015,80.13849165534782,0.00013525027432493948,0.0009648002647127392,0.0046466529284140195,0.6468202332177989,0.253144611785173,0.018117881016351565,4.935327681715542,4234.376483052363,74.87900383277598,100.1106319439226,73.07219255623752,122.25972584326101,179.03830094259155,0.0009220600390491408,0.0007528605925635491,0.0021511814540504685,47
0.8212659272327635,2.991137582775824,0.02019059225982392,9.040483002301986,3850.2071257451476,50.34117172698867,24.899927342752125,20.276636973815467,83.33705157411183,80.5239084229,0.0001303524198636862,0.0009326855142901588,0.005609518458762548,0.6403670076335911,0.33805874952748916,0.04748705309648154,4.996734976045468,3818.730372348449,86.05898212493697,104.80807650912084,68.94785443224985,121.16743928005333,169.27688949801532,0.0007071333927134702,0.0007498709446914443,0.002287203233040044,46
0.763866186686552,1.3835738201056493,0.004544785207173419,7.517556013314065,3740.2502149864863,45.21264829746957,25.76553093023639,19.012439105566937,81.79739923678306,87.79459648400382,0.0001369261111015829,0.0009514876091350919,0.004605788959944622,0.6325520994835261,0.12584972953226714,0.030982313855129066,4.557471632076406,3671.5027967526953,69.18996180419414,104.7658941855861,70.90375213594503,107.10297822284554,170.274350527819,0.0007641640209466371,0.0007527645950931923,0.002122190131161767,45
0.8060616718107213,2.5433900155973506,0.009701651737393676,8.270021937549911,3102.870935207687,44.84840269202792,24.187717816974377,20.442389177510076,89.3328088842254,93.03186996036047,0.0001614058365128212,0.0009270190133313829,0.00519808905768104,0.6498873238163847,0.2753291682855097,0.06640414678329515,4.811534119462382,3184.2882927239402,76.19120702572329,101.55645806168678,71.4838513667869,115.26847658521616,181.12414912967932,0.0008067145293419499,0.0007285899269622131,0.00235413152662021,44
0.6276674304337782,0.550157014615225,0.024117352678037312,7.372348047566492,5249.323554841887,67.80932157071715,31.60692564876059,21.115049201587922,76.11802452351729,83.5195572270066,0.00012869394975347406,0.0012167627232769515,0.002470619226786468,0.6020977251748424,0.003375735259138146,-0.04395975020631165,4.297054758154282,5094.299902888639,109.53559935502348,80.8015881778867,79.9196639378373,119.57695207556735,168.88716680738185,0.0008579996228837482,0.00110849816426441,0.0012386786819998208,43
0.8055211423008843,2.5465751619400026,0.00307337830674696,7.891521833209878,3129.1333469204465,45.807345938860365,22.502845327009656,21.273636132575934,83.81637214905783,93.4078298406518,0.000156573324327213,0.0009156485779529046,0.005364339041050664,0.6543543964317361,0.3044124988337753,0.049879382627291115,5.148910390067526,3143.6798859967453,77.30046059242164,98.69372890253068,74.59841924891032,121.5958623884223,201.35706994710878,0.0009306420857651906,0.0007196158206636268,0.002277892122530029,42
0.7886545852435877,2.810097079627952,-0.005803099675923603,8.807408930358099,3834.1366405657554,60.90806396385486,24.28057180844165,19.755407542654265,85.28969383577223,90.55396827207245,0.00014622249929164687,0.0009263060361885452,0.004916665755216994,0.64055266961758,0.32423891589080034,0.01332812672851654,5.141117631757586,3670.62474010486,83.6822727892237,100.75931847127302,69.38125291193552,128.32343579156793,165.0194346216684,0.0007905871207568418,0.00070037662746041,0.002228805807560169,41
0.7844484761690043,1.6115820799775635,0.02983949026762875,6.8388683997024495,3506.755714122875,55.159252694854295,24.22169703336322,18.748967879567445,77.10603912129598,87.94506906234358,0.00013645543903923258,0.0009409243311671127,0.004887525915843531,0.6468414236609953,0.3332032385241077,0.035494183858944886,5.849708819117593,3544.094856829109,68.10291435559057,95.14888965259023,64.82436035799073,126.4342155691338,160.3612366381512,0.00085878916768251,0.000738072515478566,0.0022267246279204004,40
0.7638066708210394,1.6644869307980983,0.029149583031681178,7.783043798055768,3447.166570899911,40.41267464878147,21.373781766961265,19.06672086447332,80.88549474827242,78.63380326658113,0.00012894038856312682,0.0009391483342093179,0.004658747247491981,0.6457591874461549,0.1889664862462137,0.020514436152734277,5.036347760511881,3489.6338364789194,61.66209886776077,92.70424911930331,66.29216793022267,125.56331152745571,192.4312643646109,0.0009231803461153462,0.0007400931463396675,0.0021524443017650447,39
0.7626121509057355,1.8712861150674538,-0.041463355468369455,8.435165574230982,3477.632887281143,47.976181961672154,22.35843050763252,20.66179389793235,82.860106895946,93.84180576084005,0.00014186451266452507,0.0009398440023089996,0.004539441470291212,0.6403907205803248,0.2476649151180137,0.008612487701544592,5.962188973794088,3278.7485570434437,88.65700776284999,93.68587376186142,66.83865164879596,123.46809699447527,196.46131630277966,0.0008875966846758284,0.0007061866000380428,0.0021424656313070284,38
0.8056457740098262,2.81262156851255,0.0237563933715501,10.998518486245025,4165.122154285034,40.516886202643384,21.91595179465691,22.16331242086184,71.82727777265922,90.71563413367645,0.0001428139815774033,0.0008861198218672657,0.005374811879648839,0.658189051614934,0.252916503453807,0.03215639805173187,5.3310911578871,4207.30547228629,77.2350825901141,88.06585679177722,76.56947881194498,114.16629642773394,176.4702012500329,0.0009240139969121483,0.0007170764313030679,0.002342446745640081,37
0.7983943258996399,1.1173213294285373,0.040239509699240866,6.176470692870767,3198.607490648364,43.279942337165565,27.112313384750326,48.24310072529302,74.1981503987569,102.24339898520334,0.00022298106042837685,0.0009457773476233128,0.005047990228307564,0.639724354530093,0.32915399277605273,0.010642151013464525,5.507196148744015,3175.1575637655187,88.74487969065909,49.4464502277624,108.23063725169584,110.8003861544649,220.63393945491714,0.0008055286643482447,0.0007178973012619285,0.0022214063098286462,36
0.815226852964832,1.6007722574812568,-0.0015668621054249533,8.092350815472466,4488.918881921108,41.548674166322755,25.824316828391673,51.17080744468327,69.83746352948332,90.58105072292388,0.00022230266302881573,0.0009563081735697613,0.0053142926557910595,0.6648614623979644,0.3293371268597731,-0.01810402099201619,5.108922454838993,4189.205956996906,58.82864095898168,50.534820673165434,127.39174559473204,103.10178197039522,235.36254937284565,0.0009509949486182197,0.0007667851538206752,0.0023462661991049518,35
0.8068641110861184,1.4711374704054698,0.003776326806847283,7.156229302864659,4117.969439105083,32.421592180970265,25.352832494653043,47.39451114097673,69.18375798060016,70.48993464281737,0.0001967590627615178,0.000914396950617428,0.0052380049136684405,0.660395891371178,0.3794078801527805,-0.04862526775277163,4.764484140955555,3905.5846326073433,50.79305711722977,52.839598061202445,130.32906821453125,97.73937233499633,206.9679040031838,0.0009596454253761227,0.0007218124051854663,0.0023103180771756678,34
0.8057974788248581,1.9507107856218981,-0.02219653196489248,7.852185726262446,4141.424891302542,40.51598790138239,22.12993793944742,38.221817768379,76.081634596428,83.19285313118564,0.00018704748069546501,0.0009033811045619331,0.005233047005744268,0.6532330273448378,0.5390668720313498,-0.062407251114640024,5.805812046953347,3946.4390434016173,61.952137553009926,48.56946742281557,100.54673879866544,112.30457895948905,227.17969594850973,0.000855725193456979,0.0007153297549126423,0.0023408799734086273,33
0.6390831355517214,0.8219141035223965,0.008003126031144663,7.627805154854799,4259.110756042924,68.44424511572281,28.109736642776237,20.41004746549464,71.96329179283224,87.15552390200308,0.00012777186212512584,0.0011452933373307446,0.002697529464761448,0.5939280599036602,0.04076141341113093,-0.016858298768115194,4.6130952405831875,4276.825931456544,109.14674915190386,74.35174592156228,68.309070516802,118.2153735789464,158.2431498598572,0.0007163176999636352,0.001086871685418329,0.0013121702483136824,32
0.826833114348419,2.033367326387231,0.014784492605992476,8.832567267047438,4148.857749953064,35.87273799088025,21.47639340185991,36.87991401376955,81.746290504925,79.71393135870738,0.00021102795011035275,0.0008760475347543655,0.005574995991261721,0.6618442367678027,0.6994930886661219,-0.03561194372041863,7.086534789393908,3964.300148263506,63.14347738118756,47.85727731938567,100.71751320701463,110.76611972871278,214.83518953632796,0.0008944032006153178,0.0007009137110034907,0.0024249030127125163,31
0.8625499292471571,2.7681099809476715,-0.012340942212493844,10.788541788404514,3560.188229373438,41.25842566587694,21.64677738112929,43.298649252164076,72.16153911065402,84.65163243036866,0.00022877815123629826,0.0008583254397145987,0.006172481277478339,0.6850960300734387,0.5893305260980304,-0.038846891216354616,6.097265977006392,3529.4216079201988,52.97945262854217,50.54232311594922,106.75335843505982,99.32366432305628,225.38785180504757,0.0008957541224776892,0.0007567661147875916,0.0027036197875992063,30
0.8640171044678765,1.8221800177794716,0.016038803031661292,7.0654802612111025,2765.680273210964,43.86069760504607,22.42744583962516,40.63712960515827,71.33904954865494,86.92749604675966,0.00023158544482666064,0.0008855794191742811,0.006248568890718862,0.7015644720288513,0.7137126876505575,-0.030974759847081364,6.431068745560014,3187.080280722523,64.58940380399453,47.76787777893899,99.05650428505514,98.79798684959718,224.1739206662913,0.0009440091889722088,0.0007369530305735947,0.002864375037039493,29
0.8969499993856722,2.3724606231302747,-0.03493492894120656,8.217273962119135,3862.556848502375,48.3488726807842,21.051833849335143,45.524164078146185,61.19693683369962,66.87976723294634,0.0001968848604610265,0.0008741204493236676,0.006800898859878562,0.7094980426810668,1.0009339556370476,-0.024028129641726643,6.519329563348844,3638.345476260805,48.08543550428696,51.64224406560058,104.64959665679676,99.00590290917432,197.22205543891496,0.0007809952059323446,0.0006750345233227439,0.003189502481986339,28
0.928536913458329,2.8059871645444927,-0.004683629865802581,9.760933341204217,2733.3304476342423,59.0931592775594,23.849562144834508,49.305486212790456,71.47959720317999,70.42679745734591,0.00019779350901152364,0.0008552076161824684,0.007371116467484976,0.715065255085644,0.7670606980657402,-0.043152648595638145,5.877348550269819,3183.51337345337,61.77902657002708,56.78924159263957,110.48348241476968,93.89060088052953,188.54304825815518,0.000756817868383903,0.0006894035321374385,0.00328266632600485,27
0.9465924507498326,2.4430391888814302,0.017653634195242476,7.034676121056148,2578.3764631635727,48.82353565419333,23.883500788550805,47.7348453095763,78.00117265348277,79.67874549574576,0.00020564299778244252,0.0008721719244062675,0.007706708406980364,0.7433333081519855,0.9129767467907115,-0.0721798422009791,6.846825870104311,3183.7290761082213,63.980425705184935,55.38710960892968,112.07510580579206,102.34032442309163,214.77560189778447,0.0008913579101483978,0.0007099606872510958,0.003548665862037589,26
1.0770613362434316,4.481095925994999,-0.03057731569302888,9.324944902171987,3541.370498975504,43.33147262136007,22.740824851840944,35.5652185247082,79.35026576667397,88.8958237432011,0.00020130377726650778,0.0009513852904088269,0.010367184552222332,0.7930064572357916,1.131733512323522,-0.01623849292143583,6.849622812874744,3370.2725670871473,63.42212774477275,46.58157590784148,84.72619542776249,125.37874748601448,201.03537889534113,0.0009041592253769313,0.0007229024902977875,0.004260637920686482,25
1.0212090978249153,3.909373848190402,-0.03586944199074408,9.760412932651391,5038.175754377907,57.02754923641712,28.154851119932978,40.25369981727998,85.71198635719793,103.84982672857095,0.0001953316627636107,0.001144881831269091,0.008859385807327856,0.7562596740355131,0.6939155280866385,-0.0025528176908698394,6.795307592800746,4139.060553654839,66.12802890204972,51.95681241102356,92.19953169949233,128.37864743193813,210.6768093842004,0.0008594483471914365,0.000760867503448151,0.003665279014384184,24
1.1980392404197822,5.766069080476306,0.0018946003433322372,8.92917986102697,4853.605682685367,41.33263486356705,26.922704389086263,41.53355532506275,76.18184864827889,104.19819676374819,0.00020880092151889996,0.0013911471571899483,0.012630140445909377,0.8414338653725894,1.3700757073233998,0.01350103038742836,6.629719173036108,3889.433810813746,63.54132775280211,50.05793433005461,92.21479906846797,110.74323153821824,196.64550471475732,0.0008283296348450905,0.0007749189014364518,0.005039640459933661,23
1.9293602870936262,2.0017487029627787,-0.266508134257796,5.926425159292383,19179.521612900222,47.173846159379735,33.07338265785108,108.89574284741688,87.56317057880555,237.6199423581178,0.004444958163847582,0.014467390274872758,0.01554983057581114,1.4259662262568173,0.25077930901371825,-0.18648044815565817,6.200409258819813,12637.980066166445,63.18657594286647,68.76078789348365,108.95140403921236,121.07244964685334,279.0950355943553,0.00594265476250719,0.005922233288496273,0.0059016364181509705,22
0.6285348242875125,0.5761798052153018,-0.025557943061939155,6.819284977133988,5206.216335482541,71.12498804475912,30.971370111701766,20.473757656723148,78.39010808362318,77.94313561056082,0.00011884174377921564,0.0010918893701765888,0.0026044358665578736,0.5944758635059112,0.06910129397000908,-0.05812797135994567,4.719756573284356,5461.884998532005,97.31980745512749,80.15975425344558,77.50570511434425,117.4964934790565,158.1954606020166,0.0008084812171851244,0.0010459458047664394,0.0012901890716897604,21
2.149310677031552,1.8198067616635791,-0.22278141937812665,6.38929887517914,21451.919401681935,49.69218171143205,29.536070861963918,111.69146204109005,100.19891893710572,251.96965514937474,0.006070376338396289,0.01837811010855056,0.01802284382451885,1.5482337843644027,0.19274849398881688,-0.1937546839521348,4.809160613968833,14207.812790074711,66.79287089661422,69.91808355696976,99.4958944892513,129.09689958748277,289.16826909297953,0.006919552282126191,0.007522662830821432,0.0066314162506824455,20
2.2768473646749516,1.9128021167332898,-0.17174040731953444,6.872433837585397,22913.963133240282,55.64407833703341,31.671966228842994,131.86455550968466,73.43547490062655,127.11458183169039,0.00691269237870179,0.020161697331555532,0.020177623152187626,1.5873395688060332,0.18479053497625397,-0.14296933059839992,5.640629980749937,15497.848002565415,51.261782844430975,77.98535221209072,106.75932197282023,115.99347131128724,219.66503758259066,0.006802186930486138,0.008548938857104543,0.006945003602706127,19
2.2470714646758903,1.8402220611804898,-0.2245553913226549,6.199333132296826,23317.63696534298,50.109435159099945,35.70664595856197,75.6724200417218,80.16930568452645,247.0586886198141,0.007650930440515566,0.02050648523673315,0.017695866662836422,1.6190237323486978,0.11499997118276672,-0.15744588431362963,5.055644139265542,16724.79057242435,74.37815655897568,92.42227808836937,92.56740899249677,119.23584287035614,303.1228048138669,0.007091637097042188,0.009538117485842398,0.006381510467575477,18
2.360344570849366,1.7312104658606815,-0.237021278143956,6.322877079493745,25290.78437478712,69.28489504223842,52.36694090339461,112.94621096154198,87.52940500907002,209.23388577181453,0.008499996295706993,0.02271508280472863,0.018800259028822534,1.6396599363524986,-0.013806989695784644,-0.10060104033467153,4.751700816348054,17659.384531218362,77.39288172880991,80.49871842295045,89.78612810978554,112.6088234434311,287.2109378659381,0.007444805723401719,0.009948519368796494,0.006347341730064971,17
2.504626350832786,1.9802965400744839,-0.2642119216613858,7.528949341215313,25078.469714481176,46.382207054908584,37.221245627262846,76.46564306557516,56.76778019533276,251.68261871295334,0.009372048259373171,0.024500966321244672,0.02303889413733936,1.7158945800536103,0.08536396807204882,-0.08151504526587923,5.4569876388066625,17703.32629397676,75.12780500547268,92.1014523932404,90.89965604717449,110.90055473799208,336.37844633626116,0.0077099311334470275,0.01096835890002116,0.007550880390347803,16
2.5458476990546712,1.6854309800010512,-0.23704074511867498,6.298494775015452,26009.615540185157,52.5597578211228,35.794640300870896,77.10800597452729,72.95910534332326,275.03236439619957,0.010052702936854398,0.025800984343405144,0.02262804059733672,1.755523237812831,0.06783729997827193,-0.03753080042160497,4.968228385565929,18116.298465245236,84.81301695376273,86.70179891744262,83.87881024235185,107.08195945896001,316.457345709128,0.007975376398695125,0.011571241319479727,0.007718298432595058,15
2.6199011097562668,1.7166756633153373,-0.23744837887248738,6.47321775066162,22234.500674304076,61.17578443612496,48.76524144638099,143.37815195903661,62.568372420329666,161.4705417754987,0.010615273040400277,0.027430378419073757,0.023670999253125224,1.7890483653971783,-0.003989253011164706,-0.05128797824429354,4.732294281301722,15073.214315163172,68.54747092807459,82.1456823610881,102.18253917484154,129.43457365134086,263.2541228124544,0.008668349881980373,0.011862321642893884,0.007676040185031749,14
2.6701349133372374,1.7458477856395467,-0.22391678237111445,7.183170968373857,27412.731618329904,48.73372333558189,33.61880712254911,108.20138405584737,74.13010520298944,261.47516936095747,0.01138671208259866,0.029382965956050562,0.023587353035380128,1.8502986488582749,-0.04826579842760248,-0.07616106078435449,4.97684168018718,18759.411222601804,70.79129177710652,90.9796243622093,99.27512088742766,117.35155955322736,319.17261534130984,0.009307805131890128,0.013033194037624181,0.007589628672187331,13
2.809378611277937,1.6399282126950423,-0.21923645075702566,5.360911503993072,32331.904310949994,44.59630900436708,33.295097722564975,74.01024757983467,86.63597126265887,292.71742980963774,0.012530253346236584,0.03290964882531855,0.025344239408433857,1.9286794559389435,-0.09415342240948243,-0.06194923391994514,4.074965149276957,22423.032826919854,79.06170329187948,95.30915245706419,88.64233895567388,128.8224890254151,362.54893541789966,0.009744057961079794,0.014859201816695164,0.007898156264688507,12
2.7953657180728833,1.7541944738641462,-0.24160490218418001,6.372295281320637,21740.463812584832,75.85466130047335,62.783462392042935,177.05310958605472,87.44714417224641,246.19485839705646,0.013164472681295128,0.03314559381966636,0.022945845950309872,1.9674743271831696,-0.15137240905435156,-0.060798654342492625,4.936031829892726,14509.120791007523,82.69944460668337,82.05882820390485,111.53123047494311,127.07848063065316,309.7460385061902,0.011220970963579012,0.014456452981842305,0.007240929103967243,11
0.6354192444445607,0.5170792527889203,0.005017217539601173,6.274751315816038,4809.505977091266,60.24065661721832,30.997522117621855,23.723503071899046,80.48128882843153,87.91981415667294,0.00013372876244078724,0.0010526595904769298,0.002719023279766888,0.5890357333713359,0.10230241654756655,-0.01139009522983165,6.0350645923871,4962.678729531323,113.09883416325535,91.57881829687338,77.5220746552163,116.52901942499354,170.32150802942905,0.0007150498427755236,0.0010369629029621744,0.0013445463956236932,10
2.9301870622155763,1.6681646776033876,-0.18656863461137754,6.323791476221521,24316.006865824518,39.80021834363046,36.00579173090816,148.475013859098,78.0459700936015,178.68978804723602,0.013960903594839695,0.03517726792766524,0.027819281926827432,2.0795361462872948,-0.19281596824931224,-0.04395607672564928,4.532757708340624,16707.260276146553,83.83998108148106,88.49207345191421,118.90027116589377,132.48150267207814,291.45979961501297,0.01217830132430987,0.016408517337669445,0.008432123792501427,9
2.8897303695499112,2.1262647546583695,-0.2045090299107031,7.802584100064732,24433.90155583195,55.02746649564623,40.8856917398708,103.42463893150045,84.13188957823473,261.24998073530065,0.014060252848036643,0.0331034552431845,0.026903572019718353,2.0917892581541087,-0.22547975965022893,-0.028529048536649622,4.41161550193812,17736.855551736964,82.36351286758348,97.36687610043079,102.23681252183867,120.5084493115015,392.8801416510445,0.012220531654978222,0.016825282098558228,0.007902600136051074,8
2.8695989275873544,1.9536166179674144,-0.21936387298156132,6.998978742688664,30017.219096922272,45.157445745047305,37.467541545819756,74.91877558134148,74.79570819038918,300.4002952734697,0.014659438155659125,0.03375733070469958,0.024778417901579964,2.0763033160244344,-0.28461484627102207,-0.03104520335865787,4.280033247474566,23203.58813442112,73.03252561711689,89.4906111323336,84.25812773810222,115.34746086241668,382.00142945712133,0.011515531025933473,0.017930990572825024,0.007768591936240019,7
2.9496669056759113,1.875802064945396,-0.21781356962566398,7.223100289259943,25571.64694766266,56.663634547365476,51.76944005031105,91.67872894165578,96.68537264598783,307.5124525970543,0.015557194206649227,0.03547990061393728,0.025718826365782446,2.1131735945748367,-0.2746754011178898,-0.03659229590024525,3.9458305315070543,19298.27092616946,77.00051146075785,98.08592695336321,86.2413341728639,123.86485345790543,370.18765901922416,0.01209831281530609,0.017973349761645014,0.008590528930231713,6
3.040149194921553,1.9301606438644932,-0.1920933341753698,6.162225719428345,30337.257423814513,59.723650344480305,44.85462262434672,113.93766630016009,69.29893235217494,283.31942237149366,0.016396179209442197,0.037281417556250904,0.028027813027148695,2.15706005660362,-0.20401836272348284,-0.01585551566304987,4.267170312988072,22908.722367518352,99.82979941289743,98.66608347344871,100.0450497739766,129.97147192118035,364.7499143392157,0.012501411243306846,0.018962540062461,0.008779241248835735,5
3.1108351386322886,1.85279002218219,-0.22724439478507,6.611020829435361,27620.393934841093,74.01492317387597,52.31669599527923,145.68359418068962,86.65207860318255,210.83171170349343,0.017054186596837755,0.03806474301261707,0.030942806271113888,2.1913052076901907,-0.22075376312989015,-0.0194337701606033,4.283908078825984,20855.54370369744,98.1518254087947,96.33913676443998,102.14910436013385,121.32910704622535,319.3599346129283,0.012539552442309566,0.019897652947617226,0.009190573742231993,4
3.1067811181747405,1.8807187614189695,-0.22976222104116353,6.363707433271417,34417.61123520222,70.8503055829957,57.893954658222974,97.10627724365263,100.21756829233213,313.08207166897705,0.018340455104714038,0.04031903343707897,0.026517163633503975,2.227004442310626,-0.28347053103968234,-0.02669045728346415,3.72676294391205,25459.193429665916,101.71097708550927,93.63468868898161,87.25697797029162,124.21491392098352,433.3673539303143,0.014029996841119658,0.020420190796541393,0.008205480924677265,3
3.239904294356585,1.7415136984557025,-0.23031716226634016,6.667307599167436,32521.569615505774,55.85559730261879,40.22011357272338,84.57602902309023,79.12347912175528,339.24977791053976,0.019517226770166488,0.04306457192076683,0.030390754164374006,2.2977582123913436,-0.1577736487607191,0.001255181862311177,5.399337909916616,24025.269706810264,98.58489536718024,97.09098731580576,85.94553136583062,135.37724387409529,438.41895255427517,0.014691406742789263,0.02153856663425938,0.009367151131518994,2
3.2501942526558976,1.721618089753794,-0.2516862576827546,5.621489735006508,28520.54265007318,51.55565684756646,42.0624689614583,102.75306034327662,89.25507116383805,318.5933745027368,0.020563406811534728,0.04389542352513008,0.029148774154242066,2.3266932460234844,-0.13405143832722688,0.0010880514772565514,4.226672492516634,20937.09705442902,88.58095333028598,101.86339586806017,95.03754950704962,141.7044341939646,425.99742581501033,0.015445285336253604,0.0220123954705934,0.009472524785385877,1
3.3480890478363308,1.8908949096259855,-0.20446899590683842,7.187826330956352,32839.304191108,49.019478344523414,43.69492825529805,177.95407902742915,101.33515351343003,335.3982189437019,0.021563881155827892,0.04528398042517551,0.03199176973312494,2.3520480859053086,-0.11204969911068785,-0.004142395245280102,4.958366451865208,23000.060146416832,67.70120460688081,77.37541456721185,111.17566139873756,138.34816108096794,440.17343492635706,0.016553724510507434,0.021082899922048086,0.009926785458460019,0
